,K Test Cluster IDS
0,5
1,0
2,1
3,1
4,4
5,7
6,5
7,0
8,0
9,6
10,0
11,7
12,6
13,5
14,0
15,6
16,6
17,0
18,0
19,1
20,1
21,5
22,0
23,5
24,6
25,7
26,0
27,0
28,0
29,5
30,0
31,4
32,6
33,5
34,6
35,6
36,0
37,7
38,0
39,3
40,0
41,7
42,7
43,0
44,0
45,3
46,5
47,4
48,0
49,0
50,5
51,0
52,1
53,0
54,1
55,6
56,1
57,6
58,3
59,7
60,6
61,3
62,1
63,0
64,3
65,5
66,0
67,5
68,2
69,6
70,7
71,0
72,7
73,6
74,0
75,0
76,6
77,1
78,7
79,6
80,1
81,0
82,3
83,6
84,7
85,1
86,0
87,5
88,7
89,1
90,1
91,5
92,0
93,2
94,2
95,5
96,3
97,2
98,2
99,0
100,6
101,0
102,0
103,0
104,5
105,2
106,6
107,1
108,1
109,3
110,1
111,2
112,0
113,4
114,7
115,3
116,0
117,6
118,7
119,5
120,0
121,2
122,2
123,0
124,0
125,0
126,0
127,0
128,5
129,3
130,1
131,0
132,4
133,0
134,0
135,0
136,1
137,6
138,7
139,7
140,5
141,0
142,1
143,0
144,0
145,7
146,3
147,4
148,0
149,0
150,2
151,0
152,6
153,6
154,0
155,0
156,5
157,1
158,6
159,2
160,6
161,5
162,0
163,0
164,1
165,6
166,5
167,6
168,5
169,6
170,6
171,7
172,5
173,5
174,1
175,7
176,5
177,7
178,6
179,0
180,1
181,7
182,5
183,0
184,4
185,0
186,0
187,5
188,7
189,1
190,7
191,6
192,2
193,5
194,0
195,6
196,4
197,6
198,0
199,0
200,5
201,5
202,1
203,2
204,5
205,5
206,1
207,6
208,0
209,0
210,2
211,1
212,4
213,3
214,6
215,5
216,5
217,0
218,1
219,6
220,3
221,0
222,0
223,1
224,5
225,7
226,1
227,5
228,1
229,0
230,0
231,5
232,0
233,7
234,0
235,0
236,0
237,5
238,7
239,1
240,1
241,6
242,0
243,0
244,6
245,0
246,2
247,0
248,0
249,6
250,5
251,5
252,6
253,2
254,1
255,0
256,0
257,4
258,7
259,0
260,7
261,5
262,1
263,5
264,0
265,1
266,2
267,6
268,5
269,0
270,1
271,6
272,0
273,0
274,2
275,0
276,0
277,6
278,1
279,0
280,1
281,0
282,5
283,5
284,3
285,1
286,0
287,0
288,4
289,5
290,5
291,0
292,0
293,5
294,5
295,7
296,5
297,0
298,0
299,5
300,0
301,0
302,5
303,0
304,6
305,0
306,0
307,0
308,1
309,7
310,7
311,5
312,0
313,0
314,5
315,0
316,7
317,0
318,5
319,1
320,0
321,1
322,3
323,0
324,0
325,6
326,0
327,5
328,7
329,5
330,0
331,5
332,0
333,2
334,0
335,7
336,0
337,0
338,1
339,0
340,0
341,1
342,6
343,0
344,0
345,5
346,0
347,0
348,7
349,6
350,1
351,0
352,7
353,1
354,0
355,4
356,0
357,7
358,7
359,2
360,1
361,6
362,0
363,2
364,1
365,0
366,3
367,7
368,7
369,7
370,1
371,7
372,1
373,2
374,2
375,0
376,6
377,3
378,1
379,1
380,1
381,5
382,6
383,7
384,6
385,0
386,3
387,1
388,1
389,0
390,7
391,0
392,0
393,1
394,7
395,0
396,6
397,1
398,5
399,5
400,5
401,0
402,0
403,6
404,6
405,7
406,5
407,5
408,7
409,7
410,4
411,0
412,0
413,1
414,0
415,0
416,5
417,0
418,7
419,0
420,5
421,0
422,7
423,3
424,0
425,1
426,7
427,6
428,1
429,0
430,0
431,3
432,3
433,1
434,0
435,1
436,5
437,5
438,7
439,1
440,6
441,7
442,7
443,6
444,0
445,0
446,0
447,5
448,2
449,3
450,7
451,7
452,1
453,0
454,1
455,7
456,5
457,7
458,1
459,4
460,5
461,5
462,0
463,0
464,6
465,0
466,7
467,0
468,7
469,6
470,0
471,1
472,0
473,0
474,6
475,0
476,7
477,1
478,5
479,6
480,6
481,5
482,6
483,3
484,1
485,5
486,4
487,4
488,7
489,7
490,6
491,5
492,0
493,1
494,6
495,6
496,0
497,5
498,7
499,7
500,5
501,5
502,7
503,1
504,6
505,0
506,5
507,0
508,2
509,1
510,2
511,1
512,0
513,0
514,6
515,1
516,2
517,5
518,1
519,0
520,7
521,7
522,0
523,0
524,6
525,0
526,7
527,0
528,5
529,3
530,1
531,1
532,5
533,6
534,6
535,5
536,0
537,5
538,7
539,0
540,7
541,7
542,0
543,1
544,1
545,7
546,0
547,0
548,2
549,0
550,0
551,1
552,0
553,4
554,5
555,3
556,0
557,7
558,0
559,7
560,3
561,0
562,7
563,5
564,0
565,0
566,7
567,0
568,3
569,6
570,0
571,1
572,7
573,1
574,3
575,1
576,5
577,1
578,0
579,0
580,6
581,7
582,5
583,2
584,5
585,1
586,1
587,0
588,1
589,7
590,0
591,1
592,0
593,5
594,6
595,3
596,7
597,1
598,7
599,5
600,0
601,6
602,0
603,6
604,1
605,5
606,0
607,0
608,6
609,0
610,6
611,0
612,6
613,7
614,2
615,6
616,6
617,1
618,7
619,7
620,7
621,0
622,1
623,0
624,4
625,6
626,0
627,5
628,6
629,6
630,1
631,0
632,5
633,0
634,6
635,3
636,6
637,1
638,7
639,2
640,0
641,1
642,5
643,7
644,2
645,0
646,6
647,0
648,0
649,1
650,5
651,1
652,0
653,0
654,1
655,0
656,0
657,1
658,0
659,0
660,0
661,5
662,2
663,5
664,5
665,7
666,0
667,7
668,5
669,6
670,5
671,5
672,1
673,5
674,6
675,5
676,3
677,5
678,3
679,7
680,7
681,1
682,1
683,7
684,1
685,0
686,5
687,0
688,3
689,5
690,5
691,5
692,5
693,4
694,0
695,6
696,6
697,0
698,0
699,0
700,0
701,5
702,7
703,7
704,0
705,1
706,0
707,1
708,0
709,4
710,1
711,7
712,6
713,5
714,6
715,0
716,5
717,0
718,0
719,0
720,7
721,5
722,7
723,0
724,0
725,7
726,5
727,0
728,7
729,0
730,7
731,7
732,5
733,6
734,7
735,1
736,0
737,4
738,3
739,6
740,1
741,4
742,7
743,0
744,0
745,5
746,1
747,5
748,0
749,4
750,0
751,0
752,0
753,7
754,7
755,7
756,6
757,5
758,7
759,7
760,3
761,5
762,6
763,7
764,7
765,1
766,6
767,5
768,5
769,0
770,0
771,7
772,4
773,4
774,0
775,0
776,0
777,0
778,0
779,5
780,1
781,0
782,7
783,1
784,0
785,0
786,0
787,2
788,1
789,5
790,7
791,7
792,0
793,0
794,0
795,0
796,7
797,7
798,1
799,7
800,0
801,1
802,5
803,1
804,7
805,7
806,5
807,0
808,1
809,4
810,0
811,1
812,7
813,0
814,2
815,5
816,7
817,6
818,0
819,0
820,0
821,5
822,5
823,5
824,2
825,0
826,0
827,6
828,1
829,5
830,1
831,0
832,5
833,7
834,0
835,6
836,7
837,0
838,0
839,0
840,5
841,0
842,6
843,4
844,7
845,6
846,0
847,3
848,1
849,1
850,5
851,7
852,0
853,0
854,6
855,5
856,1
857,7
858,3
859,5
860,3
861,1
862,1
863,5
864,7
865,5
866,6
867,5
868,0
869,1
870,5
871,0
872,0
873,0
874,0
875,0
876,0
877,3
878,3
879,3
880,7
881,1
882,0
883,0
884,0
885,1
886,7
887,0
888,5
889,7
890,6
891,0
892,0
893,7
894,4
895,1
896,6
897,6
898,2
899,0
900,2
901,6
902,1
903,6
904,0
905,5
906,1
907,5
908,2
909,2
910,0
911,5
912,6
913,1
914,1
915,1
916,1
917,0
918,7
919,4
920,0
921,0
922,6
923,6
924,0
925,0
926,1
927,0
928,1
929,0
930,1
931,0
932,1
933,2
934,1
935,5
936,0
937,2
938,7
939,1
940,5
941,5
942,0
943,3
944,0
945,1
946,0
947,6
948,0
949,5
950,4
951,7
952,3
953,7
954,7
955,4
956,1
957,0
958,7
959,5
960,0
961,0
962,5
963,0
964,5
965,5
966,3
967,6
968,5
969,1
970,5
971,7
972,0
973,4
974,7
975,1
976,0
977,1
978,0
979,7
980,5
981,0
982,6
983,1
984,6
985,0
986,0
987,5
988,0
989,7
990,5
991,0
992,0
993,5
994,7
995,0
996,7
997,5
998,1
999,2
1000,0
1001,3
1002,1
1003,0
1004,5
1005,7
1006,7
1007,2
1008,7
1009,0
1010,7
1011,7
1012,0
1013,4
1014,2
1015,1
1016,7
1017,5
1018,7
1019,0
1020,7
1021,5
1022,0
1023,5
1024,5
1025,6
1026,0
1027,5
1028,1
1029,5
1030,0
1031,0
1032,3
1033,0
1034,6
1035,1
1036,5
1037,6
1038,0
1039,3
1040,0
1041,6
1042,6
1043,5
1044,6
1045,0
1046,7
1047,6
1048,0
1049,6
1050,6
1051,0
1052,1
1053,5
1054,6
1055,5
1056,7
1057,1
1058,0
1059,0
1060,7
1061,6
1062,5
1063,2
1064,5
1065,1
1066,6
1067,5
1068,1
1069,0
1070,0
1071,1
1072,7
1073,1
1074,3
1075,5
1076,7
1077,5
1078,6
1079,5
1080,0
1081,7
1082,1
1083,7
1084,3
1085,3
1086,6
1087,5
1088,1
1089,6
1090,0
1091,1
1092,5
1093,6
1094,5
1095,5
1096,5
1097,5
1098,1
1099,1
1100,7
1101,5
1102,2
1103,1
1104,5
1105,0
1106,5
1107,7
1108,0
1109,1
1110,7
1111,1
1112,5
1113,1
1114,6
1115,6
1116,1
1117,6
1118,0
1119,5
1120,6
1121,0
1122,0
1123,6
1124,1
1125,1
1126,1
1127,6
1128,4
1129,5
1130,1
1131,5
1132,7
1133,6
1134,6
1135,0
1136,6
1137,5
1138,0
1139,2
1140,5
1141,6
1142,1
1143,7
1144,6
1145,0
1146,1
1147,0
1148,2
1149,2
1150,2
1151,0
1152,6
1153,1
1154,2
1155,6
1156,6
1157,5
1158,5
1159,0
1160,5
1161,5
1162,0
1163,5
1164,0
1165,1
1166,4
1167,0
1168,1
1169,1
1170,0
1171,5
1172,7
1173,6
1174,7
1175,1
1176,2
1177,0
1178,6
1179,6
1180,2
1181,4
1182,3
1183,0
1184,5
1185,6
1186,0
1187,2
1188,3
1189,0
1190,5
1191,7
1192,0
1193,2
1194,5
1195,7
1196,5
1197,0
1198,6
1199,0
1200,6
1201,0
1202,0
1203,5
1204,1
1205,0
1206,7
1207,0
1208,0
1209,5
1210,0
1211,0
1212,5
1213,6
1214,3
1215,3
1216,5
1217,1
1218,6
1219,0
1220,6
1221,6
1222,6
1223,7
1224,2
1225,1
1226,5
1227,7
1228,7
1229,7
1230,5
1231,1
1232,1
1233,1
1234,7
1235,3
1236,5
1237,6
1238,0
1239,0
1240,7
1241,6
1242,0
1243,0
1244,5
1245,7
1246,7
1247,6
1248,1
1249,1
1250,1
1251,1
1252,7
1253,1
1254,0
1255,0
1256,1
1257,0
1258,0
1259,5
1260,0
1261,3
1262,4
1263,7
1264,0
1265,6
1266,0
1267,1
1268,0
1269,2
1270,1
1271,1
1272,7
1273,6
1274,1
1275,1
1276,5
1277,0
1278,0
1279,1
1280,7
1281,7
1282,1
1283,7
1284,4
1285,3
1286,0
1287,3
1288,1
1289,3
1290,5
1291,6
1292,1
1293,5
1294,6
1295,2
1296,1
1297,1
1298,7
1299,0
1300,0
1301,5
1302,0
1303,5
1304,1
1305,5
1306,6
1307,6
1308,0
1309,0
1310,0
1311,7
1312,1
1313,0
1314,4
1315,7
1316,0
1317,0
1318,3
1319,6
1320,0
1321,5
1322,5
1323,0
1324,1
1325,5
1326,1
1327,0
1328,1
1329,2
1330,2
1331,0
1332,6
1333,5
1334,0
1335,5
1336,7
1337,7
1338,1
1339,5
1340,0
1341,0
1342,4
1343,0
1344,0
1345,6
1346,0
1347,5
1348,7
1349,2
1350,0
1351,0
1352,3
1353,3
1354,0
1355,0
1356,5
1357,4
1358,5
1359,5
1360,3
1361,7
1362,0
1363,6
1364,5
1365,5
1366,1
1367,7
1368,7
1369,5
1370,0
1371,5
1372,5
1373,1
1374,0
1375,6
1376,5
1377,0
1378,7
1379,1
1380,5
1381,6
1382,1
1383,6
1384,5
1385,5
1386,7
1387,6
1388,1
1389,7
1390,0
1391,2
1392,1
1393,1
1394,0
1395,0
1396,4
1397,0
1398,1
1399,3
1400,1
1401,0
1402,4
1403,7
1404,5
1405,4
1406,5
1407,7
1408,4
1409,7
1410,5
1411,5
1412,1
1413,1
1414,5
1415,0
1416,0
1417,6
1418,1
1419,0
1420,4
1421,7
1422,6
1423,5
1424,7
1425,6
1426,6
1427,0
1428,2
1429,0
1430,5
1431,5
1432,1
1433,2
1434,0
1435,0
1436,7
1437,6
1438,2
1439,7
1440,0
1441,0
1442,0
1443,7
1444,5
1445,1
1446,7
1447,6
1448,6
1449,5
1450,7
1451,7
1452,4
1453,6
1454,6
1455,5
1456,5
1457,7
1458,0
1459,0
1460,0
1461,0
1462,5
1463,1
1464,5
1465,5
1466,0
1467,0
1468,0
1469,6
1470,3
1471,6
1472,1
1473,3
1474,0
1475,0
1476,6
1477,5
1478,1
1479,2
1480,1
1481,5
1482,0
1483,5
1484,2
1485,0
1486,0
1487,0
1488,0
1489,2
1490,1
1491,0
1492,3
1493,7
1494,5
1495,0
1496,0
1497,1
1498,7
1499,0
1500,5
1501,1
1502,7
1503,5
1504,3
1505,7
1506,1
1507,4
1508,0
1509,7
1510,0
1511,7
1512,5
1513,0
1514,1
1515,0
1516,7
1517,7
1518,0
1519,0
1520,7
1521,2
1522,2
1523,5
1524,5
1525,7
1526,3
1527,3
1528,0
1529,7
1530,6
1531,0
1532,5
1533,5
1534,0
1535,5
1536,5
1537,6
1538,3
1539,5
1540,5
1541,4
1542,7
1543,4
1544,7
1545,7
1546,1
1547,1
1548,0
1549,7
1550,5
1551,0
1552,5
1553,1
1554,2
1555,7
1556,3
1557,1
1558,0
1559,5
1560,6
1561,5
1562,6
1563,2
1564,0
1565,0
1566,2
1567,7
1568,0
1569,7
1570,7
1571,7
1572,7
1573,2
1574,0
1575,5
1576,6
1577,1
1578,1
1579,0
1580,6
1581,1
1582,6
1583,5
1584,0
1585,0
1586,0
1587,2
1588,0
1589,5
1590,4
1591,0
1592,7
1593,7
1594,7
1595,2
1596,7
1597,1
1598,0
1599,5
1600,0
1601,0
1602,5
1603,5
1604,0
1605,1
1606,5
1607,0
1608,3
1609,5
1610,7
1611,6
1612,0
1613,7
1614,1
1615,0
1616,7
1617,7
1618,6
1619,0
1620,0
1621,5
1622,1
1623,0
1624,0
1625,7
1626,1
1627,7
1628,0
1629,6
1630,7
1631,2
1632,0
1633,6
1634,1
1635,1
1636,6
1637,3
1638,1
1639,7
1640,5
1641,4
1642,4
1643,7
1644,0
1645,6
1646,2
1647,7
1648,7
1649,6
1650,0
1651,5
1652,5
1653,5
1654,4
1655,5
1656,5
1657,5
1658,6
1659,6
1660,0
1661,0
1662,7
1663,0
1664,6
1665,0
1666,2
1667,6
1668,1
1669,5
1670,2
1671,6
1672,0
1673,0
1674,5
1675,0
1676,0
1677,1
1678,1
1679,6
1680,7
1681,2
1682,1
1683,1
1684,5
1685,5
1686,1
1687,0
1688,4
1689,7
1690,3
1691,0
1692,1
1693,1
1694,5
1695,0
1696,6
1697,2
1698,5
1699,1
1700,1
1701,1
1702,7
1703,1
1704,5
1705,7
1706,4
1707,2
1708,5
1709,7
1710,0
1711,7
1712,0
1713,6
1714,1
1715,0
1716,5
1717,7
1718,0
1719,7
1720,6
1721,2
1722,0
1723,6
1724,0
1725,5
1726,0
1727,5
1728,7
1729,0
1730,1
1731,0
1732,7
1733,1
1734,2
1735,1
1736,7
1737,5
1738,5
1739,5
1740,0
1741,6
1742,6
1743,7
1744,5
1745,6
1746,5
1747,2
1748,0
1749,7
1750,1
1751,2
1752,1
1753,5
1754,7
1755,4
1756,0
1757,7
1758,6
1759,1
1760,7
1761,0
1762,7
1763,1
1764,6
1765,6
1766,1
1767,6
1768,1
1769,0
1770,1
1771,0
1772,0
1773,5
1774,6
1775,6
1776,5
1777,0
1778,5
1779,4
1780,5
1781,5
1782,0
1783,1
1784,1
1785,6
1786,0
1787,1
1788,6
1789,0
1790,6
1791,6
1792,5
1793,5
1794,1
1795,6
1796,0
1797,2
1798,7
1799,0
1800,7
1801,5
1802,6
1803,6
1804,1
1805,0
1806,0
1807,2
1808,5
1809,0
1810,0
1811,0
1812,7
1813,6
1814,0
1815,6
1816,0
1817,1
1818,0
1819,0
1820,0
1821,3
1822,7
1823,0
1824,2
1825,3
1826,5
1827,7
1828,0
1829,2
1830,4
1831,7
1832,3
1833,5
1834,0
1835,6
1836,2
1837,7
1838,0
1839,0
1840,5
1841,0
1842,7
1843,7
1844,1
1845,2
1846,7
1847,3
1848,0
1849,6
1850,5
1851,0
1852,0
1853,1
1854,3
1855,0
1856,2
1857,2
1858,4
1859,4
1860,0
1861,0
1862,0
1863,0
1864,0
1865,0
1866,3
1867,3
1868,0
1869,5
1870,6
1871,5
1872,0
1873,0
1874,1
1875,5
1876,1
1877,5
1878,5
1879,3
1880,0
1881,5
1882,2
1883,5
1884,1
1885,7
1886,5
1887,3
1888,0
1889,5
1890,0
1891,7
1892,1
1893,0
1894,3
1895,3
1896,1
1897,0
1898,0
1899,6
1900,5
1901,0
1902,1
1903,0
1904,6
1905,4
1906,7
1907,7
1908,0
1909,7
1910,6
1911,1
1912,5
1913,0
1914,0
1915,0
1916,7
1917,1
1918,5
1919,1
1920,7
1921,1
1922,1
1923,1
1924,2
1925,0
1926,5
1927,3
1928,1
1929,4
1930,0
1931,4
1932,0
1933,0
1934,2
1935,0
1936,0
1937,0
1938,4
1939,7
1940,0
1941,5
1942,0
1943,7
1944,1
1945,7
1946,1
1947,7
1948,0
1949,0
1950,1
1951,7
1952,0
1953,0
1954,0
1955,3
1956,0
1957,5
1958,0
1959,0
1960,5
1961,0
1962,6
1963,1
1964,3
1965,0
1966,5
1967,7
1968,1
1969,6
1970,5
1971,0
1972,1
1973,5
1974,0
1975,0
1976,6
1977,1
1978,0
1979,6
1980,0
1981,6
1982,2
1983,2
1984,4
1985,5
1986,6
1987,7
1988,6
1989,0
1990,6
1991,0
1992,0
1993,5
1994,5
1995,7
1996,3
1997,0
1998,7
1999,2
2000,0
2001,5
2002,5
2003,7
2004,6
2005,5
2006,6
2007,5
2008,7
2009,6
2010,6
2011,1
2012,1
2013,0
2014,5
2015,7
2016,0
2017,1
2018,4
2019,5
2020,0
2021,1
2022,6
2023,0
2024,4
2025,5
2026,6
2027,7
2028,6
2029,5
2030,5
2031,0
2032,0
2033,6
2034,6
2035,5
2036,1
2037,5
2038,0
2039,0
2040,0
2041,5
2042,0
2043,6
2044,5
2045,3
2046,5
2047,5
2048,0
2049,6
2050,6
2051,0
2052,0
2053,0
2054,6
2055,2
2056,5
2057,7
2058,6
2059,0
2060,4
2061,6
2062,3
2063,5
2064,1
2065,5
2066,0
2067,1
2068,1
2069,7
2070,7
2071,6
2072,7
2073,5
2074,7
2075,0
2076,6
2077,3
2078,0
2079,0
2080,0
2081,7
2082,1
2083,4
2084,6
2085,4
2086,4
2087,5
2088,7
2089,5
2090,0
2091,1
2092,5
2093,0
2094,7
2095,7
2096,0
2097,5
2098,0
2099,0
2100,1
2101,5
2102,7
2103,6
2104,5
2105,5
2106,0
2107,1
2108,0
2109,0
2110,6
2111,7
2112,0
2113,0
2114,5
2115,6
2116,7
2117,6
2118,7
2119,0
2120,7
2121,0
2122,2
2123,0
2124,0
2125,7
2126,5
2127,7
2128,7
2129,5
2130,5
2131,5
2132,0
2133,1
2134,0
2135,0
2136,5
2137,5
2138,0
2139,5
2140,0
2141,5
2142,5
2143,1
2144,5
2145,1
2146,0
2147,5
2148,0
2149,1
2150,5
2151,0
2152,0
2153,0
2154,1
2155,1
2156,5
2157,2
2158,7
2159,2
2160,6
2161,1
2162,4
2163,1
2164,5
2165,5
2166,1
2167,2
2168,5
2169,0
2170,7
2171,0
2172,2
2173,0
2174,0
2175,6
2176,7
2177,0
2178,1
2179,0
2180,5
2181,4
2182,7
2183,6
2184,5
2185,5
2186,6
2187,7
2188,5
2189,0
2190,0
2191,6
2192,0
2193,0
2194,0
2195,1
2196,7
2197,0
2198,6
2199,5
2200,3
2201,2
2202,5
2203,6
2204,2
2205,7
2206,0
2207,1
2208,0
2209,7
2210,2
2211,1
2212,0
2213,2
2214,0
2215,5
2216,0
2217,7
2218,1
2219,1
2220,1
2221,6
2222,2
2223,5
2224,0
2225,7
2226,5
2227,4
2228,0
2229,5
2230,1
2231,5
2232,6
2233,1
2234,7
2235,0
2236,5
2237,0
2238,2
2239,6
2240,5
2241,1
2242,1
2243,0
2244,1
2245,0
2246,6
2247,0
2248,5
2249,5
2250,5
2251,6
2252,6
2253,3
2254,5
2255,1
2256,4
2257,7
2258,7
2259,0
2260,0
2261,3
2262,1
2263,0
2264,5
2265,6
2266,0
2267,0
2268,0
2269,5
2270,0
2271,0
2272,7
2273,1
2274,5
2275,5
2276,5
2277,0
2278,0
2279,0
2280,7
2281,1
2282,5
2283,2
2284,0
2285,0
2286,6
2287,2
2288,0
2289,5
2290,5
2291,0
2292,7
2293,5
2294,5
2295,5
2296,7
2297,1
2298,5
2299,7
2300,0
2301,0
2302,5
2303,5
2304,0
2305,7
2306,7
2307,1
2308,7
2309,0
2310,6
2311,1
2312,1
2313,5
2314,0
2315,7
2316,1
2317,1
2318,2
2319,1
2320,2
2321,7
2322,6
2323,0
2324,7
2325,0
2326,1
2327,2
2328,5
2329,5
2330,7
2331,7
2332,7
2333,0
2334,5
2335,1
2336,7
2337,7
2338,0
2339,0
2340,0
2341,2
2342,7
2343,1
2344,0
2345,6
2346,4
2347,5
2348,7
2349,5
2350,1
2351,6
2352,7
2353,3
2354,5
2355,0
2356,6
2357,4
2358,0
2359,5
2360,0
2361,0
2362,2
2363,5
2364,7
2365,5
2366,0
2367,2
2368,7
2369,1
2370,0
2371,6
2372,2
2373,6
2374,6
2375,7
2376,6
2377,6
2378,7
2379,1
2380,5
2381,0
2382,3
2383,1
2384,1
2385,7
2386,0
2387,5
2388,4
2389,7
2390,2
2391,5
2392,5
2393,6
2394,7
2395,4
2396,7
2397,0
2398,1
2399,0
2400,7
2401,7
2402,5
2403,0
2404,1
2405,1
2406,6
2407,4
2408,7
2409,0
2410,0
2411,0
2412,5
2413,7
2414,0
2415,5
2416,0
2417,6
2418,2
2419,5
2420,7
2421,0
2422,5
2423,0
2424,0
2425,7
2426,6
2427,7
2428,0
2429,5
2430,0
2431,0
2432,5
2433,5
2434,5
2435,7
2436,1
2437,1
2438,0
2439,1
2440,0
2441,4
2442,5
2443,7
2444,7
2445,0
2446,0
2447,0
2448,5
2449,0
2450,6
2451,1
2452,0
2453,6
2454,1
2455,3
2456,7
2457,7
2458,0
2459,1
2460,1
2461,0
2462,2
2463,6
2464,6
2465,1
2466,1
2467,1
2468,0
2469,6
2470,3
2471,0
2472,7
2473,1
2474,7
2475,5
2476,5
2477,7
2478,0
2479,5
2480,1
2481,0
2482,7
2483,2
2484,3
2485,0
2486,0
2487,7
2488,5
2489,5
2490,0
2491,6
2492,0
2493,1
2494,6
2495,0
2496,5
2497,1
2498,0
2499,3
2500,7
2501,1
2502,5
2503,2
2504,0
2505,6
2506,1
2507,1
2508,5
2509,1
2510,6
2511,0
2512,7
2513,2
2514,5
2515,7
2516,0
2517,2
2518,5
2519,0
2520,6
2521,5
2522,5
2523,0
2524,3
2525,7
2526,2
2527,1
2528,1
2529,5
2530,0
2531,1
2532,5
2533,5
2534,0
2535,3
2536,0
2537,0
2538,0
2539,4
2540,2
2541,5
2542,0
2543,5
2544,7
2545,1
2546,7
2547,5
2548,7
2549,6
2550,1
2551,4
2552,7
2553,7
2554,7
2555,7
2556,1
2557,0
2558,7
2559,1
2560,6
2561,5
2562,0
2563,5
2564,0
2565,6
2566,7
2567,0
2568,0
2569,6
2570,0
2571,6
2572,2
2573,7
2574,0
2575,1
2576,7
2577,6
2578,0
2579,0
2580,7
2581,0
2582,0
2583,5
2584,0
2585,7
2586,4
2587,5
2588,5
2589,0
2590,4
2591,3
2592,3
2593,0
2594,2
2595,7
2596,6
2597,5
2598,7
2599,5
2600,6
2601,2
2602,7
2603,5
2604,5
2605,0
2606,5
2607,6
2608,5
2609,7
2610,6
2611,0
2612,0
2613,4
2614,0
2615,6
2616,1
2617,0
2618,2
2619,6
2620,7
2621,0
2622,5
2623,1
2624,5
2625,5
2626,0
2627,6
2628,0
2629,1
2630,0
2631,0
2632,1
2633,0
2634,6
2635,7
2636,7
2637,5
2638,7
2639,0
2640,0
2641,1
2642,5
2643,0
2644,1
2645,4
2646,7
2647,7
2648,6
2649,0
2650,6
2651,1
2652,0
2653,1
2654,1
2655,5
2656,0
2657,1
2658,1
2659,5
2660,1
2661,7
2662,0
2663,1
2664,5
2665,5
2666,6
2667,7
2668,1
2669,5
2670,1
2671,1
2672,5
2673,0
2674,4
2675,1
2676,0
2677,5
2678,7
2679,0
2680,0
2681,1
2682,7
2683,6
2684,3
2685,0
2686,0
2687,0
2688,7
2689,3
2690,0
2691,0
2692,0
2693,7
2694,5
2695,4
2696,5
2697,6
2698,5
2699,5
2700,7
2701,1
2702,1
2703,6
2704,2
2705,7
2706,0
2707,4
2708,0
2709,6
2710,1
2711,4
2712,4
2713,5
2714,6
2715,1
2716,2
2717,0
2718,7
2719,0
2720,0
2721,6
2722,7
2723,7
2724,5
2725,1
2726,6
2727,0
2728,1
2729,7
2730,7
2731,5
2732,5
2733,3
2734,5
2735,5
2736,2
2737,0
2738,0
2739,6
2740,0
2741,2
2742,1
2743,6
2744,7
2745,7
2746,5
2747,7
2748,6
2749,3
2750,5
2751,6
2752,0
2753,7
2754,7
2755,2
2756,0
2757,1
2758,7
2759,6
2760,7
2761,0
2762,1
2763,0
2764,0
2765,6
2766,0
2767,5
2768,0
2769,0
2770,2
2771,3
2772,5
2773,2
2774,0
2775,0
2776,7
2777,0
2778,0
2779,6
2780,1
2781,7
2782,4
2783,1
2784,7
2785,4
2786,5
2787,1
2788,5
2789,7
2790,7
2791,0
2792,3
2793,0
2794,2
2795,0
2796,7
2797,3
2798,1
2799,1
2800,7
2801,6
2802,0
2803,0
2804,4
2805,6
2806,3
2807,7
2808,7
2809,7
2810,7
2811,5
2812,0
2813,0
2814,1
2815,1
2816,3
2817,5
2818,0
2819,3
2820,2
2821,0
2822,5
2823,1
2824,0
2825,0
2826,5
2827,6
2828,1
2829,1
2830,2
2831,0
2832,3
2833,0
2834,7
2835,0
2836,5
2837,5
2838,2
2839,5
2840,1
2841,6
2842,3
2843,0
2844,3
2845,1
2846,0
2847,1
2848,4
2849,4
2850,7
2851,6
2852,1
2853,7
2854,7
2855,1
2856,6
2857,6
2858,5
2859,7
2860,5
2861,1
2862,1
2863,1
2864,2
2865,2
2866,0
2867,5
2868,7
2869,0
2870,0
2871,1
2872,0
2873,5
2874,7
2875,2
2876,0
2877,5
2878,6
2879,1
2880,4
2881,1
2882,4
2883,5
2884,0
2885,5
2886,6
2887,6
2888,0
2889,0
2890,3
2891,0
2892,3
2893,1
2894,7
2895,4
2896,7
2897,0
2898,7
2899,5
2900,0
2901,5
2902,0
2903,6
2904,4
2905,0
2906,6
2907,0
2908,1
2909,0
2910,7
2911,0
2912,1
2913,0
2914,3
2915,0
2916,0
2917,3
2918,0
2919,6
2920,0
2921,1
2922,1
2923,0
2924,5
2925,2
2926,0
2927,5
2928,4
2929,2
2930,3
2931,1
2932,5
2933,3
2934,0
2935,4
2936,6
2937,5
2938,0
2939,1
2940,5
2941,4
2942,0
2943,1
2944,6
2945,4
2946,5
2947,7
2948,5
2949,5
2950,5
2951,1
2952,1
2953,6
2954,7
2955,6
2956,1
2957,6
2958,6
2959,2
2960,1
2961,1
2962,0
2963,1
2964,1
2965,5
2966,1
2967,6
2968,6
2969,3
2970,0
2971,7
2972,6
2973,0
2974,1
2975,5
2976,7
2977,0
2978,5
2979,0
2980,5
2981,0
2982,1
2983,7
2984,0
2985,7
2986,5
2987,0
2988,2
2989,6
2990,0
2991,5
2992,0
2993,5
2994,6
2995,0
2996,5
2997,5
2998,5
2999,0
3000,0
3001,1
3002,1
3003,1
3004,0
3005,7
3006,0
3007,5
3008,7
3009,0
3010,5
3011,6
3012,7
3013,5
3014,2
3015,4
3016,5
3017,2
3018,5
3019,1
3020,2
3021,5
3022,7
3023,5
3024,1
3025,3
3026,6
3027,5
3028,4
3029,5
3030,1
3031,5
3032,6
3033,1
3034,0
3035,1
3036,5
3037,5
3038,1
3039,1
3040,5
3041,1
3042,7
3043,7
3044,0
3045,5
3046,0
3047,1
3048,0
3049,1
3050,0
3051,6
3052,6
3053,0
3054,7
3055,2
3056,5
3057,5
3058,5
3059,0
3060,1
3061,1
3062,6
3063,1
3064,0
3065,1
3066,0
3067,0
3068,7
3069,2
3070,5
3071,0
3072,6
3073,7
3074,6
3075,3
3076,2
3077,6
3078,5
3079,5
3080,1
3081,6
3082,1
3083,5
3084,0
3085,0
3086,2
3087,5
3088,0
3089,5
3090,6
3091,0
3092,4
3093,1
3094,0
3095,0
3096,6
3097,5
3098,1
3099,0
3100,2
3101,6
3102,5
3103,1
3104,0
3105,0
3106,1
3107,7
3108,4
3109,0
3110,0
3111,6
3112,6
3113,2
3114,6
3115,5
3116,7
3117,4
3118,6
3119,6
3120,6
3121,5
3122,7
3123,5
3124,0
3125,4
3126,6
3127,6
3128,0
3129,6
3130,6
3131,0
3132,0
3133,2
3134,0
3135,2
3136,5
3137,5
3138,5
3139,0
3140,3
3141,0
3142,3
3143,0
3144,0
3145,7
3146,6
3147,2
3148,0
3149,7
3150,5
3151,2
3152,6
3153,1
3154,2
3155,3
3156,5
3157,1
3158,0
3159,1
3160,0
3161,0
3162,0
3163,7
3164,5
3165,0
3166,6
3167,7
3168,1
3169,5
3170,5
3171,2
3172,0
3173,6
3174,0
3175,1
3176,1
3177,2
3178,5
3179,6
3180,6
3181,7
3182,1
3183,2
3184,5
3185,4
3186,6
3187,7
3188,7
3189,1
3190,5
3191,7
3192,1
3193,1
3194,7
3195,0
3196,5
3197,1
3198,5
3199,5
3200,2
3201,1
3202,0
3203,0
3204,3
3205,7
3206,4
3207,4
3208,7
3209,5
3210,6
3211,5
3212,5
3213,7
3214,1
3215,1
3216,6
3217,7
3218,5
3219,6
3220,7
3221,0
3222,6
3223,7
3224,1
3225,7
3226,6
3227,5
3228,0
3229,0
3230,5
3231,5
3232,0
3233,7
3234,5
3235,5
3236,7
3237,2
3238,1
3239,0
3240,5
3241,5
3242,1
3243,5
3244,7
3245,5
3246,7
3247,2
3248,7
3249,7
3250,6
3251,6
3252,5
3253,0
3254,3
3255,0
3256,6
3257,0
3258,6
3259,2
3260,5
3261,7
3262,0
3263,6
3264,7
3265,6
3266,2
3267,5
3268,0
3269,6
3270,0
3271,1
3272,7
3273,6
3274,7
3275,6
3276,7
3277,5
3278,1
3279,0
3280,6
3281,0
3282,7
3283,2
3284,0
3285,5
3286,5
3287,0
3288,1
3289,6
3290,1
3291,6
3292,3
3293,5
3294,0
3295,1
3296,1
3297,7
3298,5
3299,5
3300,5
3301,0
3302,7
3303,7
3304,1
3305,0
3306,0
3307,6
3308,5
3309,3
3310,1
3311,4
3312,2
3313,7
3314,7
3315,0
3316,0
3317,0
3318,5
3319,0
3320,0
3321,7
3322,7
3323,6
3324,6
3325,5
3326,0
3327,7
3328,0
3329,7
3330,5
3331,4
3332,1
3333,0
3334,5
3335,2
3336,0
3337,0
3338,6
3339,7
3340,7
3341,3
3342,7
3343,0
3344,7
3345,7
3346,1
3347,3
3348,6
3349,5
3350,6
3351,1
3352,0
3353,0
3354,5
3355,1
3356,1
3357,0
3358,5
3359,0
3360,5
3361,5
3362,5
3363,4
3364,0
3365,6
3366,2
3367,5
3368,0
3369,6
3370,1
3371,0
3372,0
3373,4
3374,5
3375,7
3376,5
3377,1
3378,3
3379,0
3380,5
3381,5
3382,0
3383,6
3384,4
3385,5
3386,6
3387,0
3388,1
3389,1
3390,7
3391,5
3392,6
3393,0
3394,6
3395,6
3396,6
3397,5
3398,0
3399,1
3400,6
3401,2
3402,0
3403,0
3404,0
3405,1
3406,1
3407,1
3408,0
3409,7
3410,0
3411,1
3412,0
3413,0
3414,0
3415,5
3416,1
3417,1
3418,3
3419,0
3420,7
3421,5
3422,0
3423,1
3424,2
3425,2
3426,0
3427,0
3428,0
3429,0
3430,5
3431,0
3432,0
3433,6
3434,0
3435,5
3436,5
3437,1
3438,0
3439,0
3440,1
3441,1
3442,5
3443,5
3444,1
3445,7
3446,0
3447,2
3448,5
3449,5
3450,1
3451,7
3452,0
3453,1
3454,1
3455,6
3456,6
3457,0
3458,5
3459,7
3460,5
3461,5
3462,5
3463,3
3464,0
3465,5
3466,6
3467,3
3468,2
3469,1
3470,0
3471,2
3472,7
3473,0
3474,6
3475,5
3476,6
3477,5
3478,3
3479,7
3480,5
3481,4
3482,1
3483,1
3484,3
3485,7
3486,5
3487,5
3488,0
3489,5
3490,5
3491,0
3492,0
3493,1
3494,5
3495,0
3496,0
3497,0
3498,7
3499,0
3500,7
3501,5
3502,0
3503,6
3504,1
3505,1
3506,1
3507,6
3508,6
3509,5
3510,6
3511,7
3512,6
3513,5
3514,0
3515,6
3516,6
3517,0
3518,1
3519,0
3520,6
3521,7
3522,5
3523,7
3524,2
3525,0
3526,5
3527,0
3528,5
3529,1
3530,0
3531,0
3532,0
3533,7
3534,5
3535,0
3536,1
3537,6
3538,5
3539,6
3540,5
3541,5
3542,7
3543,0
3544,5
3545,6
3546,5
3547,0
3548,3
3549,0
3550,0
3551,0
3552,5
3553,6
3554,7
3555,0
3556,5
3557,5
3558,0
3559,0
3560,2
3561,1
3562,7
3563,5
3564,0
3565,5
3566,6
3567,7
3568,7
3569,4
3570,7
3571,3
3572,0
3573,1
3574,1
3575,4
3576,0
3577,7
3578,1
3579,2
3580,5
3581,0
3582,5
3583,0
3584,3
3585,5
3586,0
3587,1
3588,6
3589,5
3590,0
3591,1
3592,0
3593,7
3594,0
3595,5
3596,0
3597,0
3598,5
3599,0
3600,0
3601,1
3602,6
3603,5
3604,5
3605,5
3606,5
3607,6
3608,6
3609,0
3610,5
3611,5
3612,7
3613,3
3614,0
3615,3
3616,6
3617,2
3618,4
3619,0
3620,5
3621,0
3622,7
3623,0
3624,3
3625,5
3626,2
3627,0
3628,5
3629,1
3630,0
3631,0
3632,1
3633,5
3634,5
3635,0
3636,0
3637,2
3638,0
3639,0
3640,6
3641,0
3642,3
3643,0
3644,5
3645,1
3646,0
3647,0
3648,0
3649,0
3650,1
3651,0
3652,0
3653,1
3654,1
3655,7
3656,0
3657,1
3658,4
3659,5
3660,7
3661,7
3662,6
3663,2
3664,0
3665,6
3666,0
3667,5
3668,1
3669,7
3670,6
3671,5
3672,1
3673,0
3674,0
3675,6
3676,7
3677,7
3678,7
3679,0
3680,5
3681,4
3682,5
3683,7
3684,7
3685,0
3686,1
3687,4
3688,0
3689,2
3690,5
3691,0
3692,5
3693,3
3694,6
3695,0
3696,5
3697,0
3698,0
3699,2
3700,6
3701,3
3702,5
3703,7
3704,5
3705,3
3706,1
3707,1
3708,7
3709,1
3710,0
3711,4
3712,3
3713,0
3714,0
3715,5
3716,0
3717,5
3718,5
3719,7
3720,6
3721,6
3722,0
3723,7
3724,3
3725,2
3726,2
3727,5
3728,0
3729,2
3730,0
3731,5
3732,1
3733,0
3734,6
3735,1
3736,7
3737,0
3738,0
3739,1
3740,7
3741,1
3742,0
3743,5
3744,0
3745,6
3746,5
3747,1
3748,7
3749,5
3750,5
3751,5
3752,1
3753,5
3754,0
3755,7
3756,5
3757,5
3758,0
3759,0
3760,5
3761,2
3762,7
3763,0
3764,0
3765,0
3766,5
3767,1
3768,5
3769,1
3770,1
3771,0
3772,5
3773,6
3774,0
3775,7
3776,1
3777,5
3778,5
3779,7
3780,0
3781,0
3782,5
3783,0
3784,4
3785,1
3786,1
3787,0
3788,7
3789,5
3790,0
3791,7
3792,7
3793,2
3794,1
3795,1
3796,0
3797,6
3798,7
3799,6
3800,5
3801,0
3802,5
3803,7
3804,6
3805,6
3806,1
3807,7
3808,6
3809,7
3810,5
3811,7
3812,7
3813,0
3814,0
3815,1
3816,1
3817,3
3818,5
3819,1
3820,1
3821,1
3822,5
3823,0
3824,6
3825,1
3826,3
3827,5
3828,0
3829,2
3830,6
3831,1
3832,7
3833,1
3834,7
3835,0
3836,7
3837,0
3838,1
3839,0
3840,3
3841,7
3842,6
3843,3
3844,0
3845,7
3846,0
3847,7
3848,6
3849,6
3850,1
3851,5
3852,7
3853,6
3854,1
3855,0
3856,4
3857,1
3858,5
3859,1
3860,1
3861,5
3862,1
3863,5
3864,4
3865,7
3866,0
3867,3
3868,5
3869,4
3870,5
3871,0
3872,5
3873,7
3874,0
3875,0
3876,0
3877,0
3878,5
3879,0
3880,2
3881,7
3882,6
3883,6
3884,6
3885,7
3886,5
3887,6
3888,0
3889,0
3890,5
3891,1
3892,0
3893,6
3894,6
3895,3
3896,1
3897,3
3898,5
3899,5
3900,7
3901,4
3902,7
3903,0
3904,1
3905,0
3906,7
3907,0
3908,6
3909,0
3910,0
3911,7
3912,7
3913,1
3914,6
3915,7
3916,0
3917,0
3918,5
3919,5
3920,5
3921,6
3922,5
3923,0
3924,7
3925,0
3926,0
3927,0
3928,1
3929,5
3930,6
3931,3
3932,7
3933,1
3934,3
3935,7
3936,2
3937,6
3938,0
3939,0
3940,0
3941,0
3942,7
3943,6
3944,5
3945,7
3946,4
3947,5
3948,7
3949,1
3950,0
3951,0
3952,0
3953,2
3954,2
3955,5
3956,0
3957,1
3958,1
3959,0
3960,4
3961,0
3962,7
3963,7
3964,0
3965,5
3966,0
3967,0
3968,3
3969,0
3970,1
3971,5
3972,5
3973,6
3974,2
3975,2
3976,0
3977,7
3978,0
3979,1
3980,0
3981,0
3982,0
3983,6
3984,7
3985,5
3986,6
3987,7
3988,7
3989,5
3990,0
3991,5
3992,1
3993,3
3994,0
3995,0
3996,6
3997,5
3998,2
3999,6
4000,0
4001,1
4002,3
4003,0
4004,0
4005,0
4006,7
4007,1
4008,5
4009,1
4010,7
4011,7
4012,2
4013,5
4014,1
4015,0
4016,6
4017,1
4018,0
4019,7
4020,1
4021,6
4022,5
4023,0
4024,0
4025,0
4026,5
4027,7
4028,7
4029,6
4030,1
4031,1
4032,7
4033,7
4034,5
4035,5
4036,0
4037,0
4038,0
4039,1
4040,5
4041,0
4042,4
4043,6
4044,2
4045,1
4046,5
4047,0
4048,6
4049,0
4050,7
4051,5
4052,0
4053,0
4054,7
4055,7
4056,6
4057,6
4058,6
4059,0
4060,0
4061,1
4062,0
4063,3
4064,4
4065,3
4066,0
4067,1
4068,7
4069,0
4070,0
4071,1
4072,5
4073,2
4074,0
4075,5
4076,6
4077,5
4078,7
4079,5
4080,0
4081,6
4082,3
4083,0
4084,1
4085,0
4086,6
4087,4
4088,0
4089,7
4090,6
4091,0
4092,5
4093,7
4094,4
4095,2
4096,0
4097,0
4098,5
4099,0
4100,4
4101,6
4102,0
4103,7
4104,5
4105,0
4106,5
4107,0
4108,4
4109,7
4110,3
4111,7
4112,0
4113,5
4114,7
4115,1
4116,5
4117,0
4118,5
4119,5
4120,0
4121,0
4122,4
4123,7
4124,0
4125,1
4126,7
4127,4
4128,0
4129,7
4130,4
4131,5
4132,7
4133,7
4134,1
4135,2
4136,5
4137,0
4138,0
4139,7
4140,0
4141,3
4142,3
4143,0
4144,0
4145,0
4146,6
4147,7
4148,2
4149,1
4150,5
4151,2
4152,0
4153,0
4154,0
4155,0
4156,7
4157,0
4158,0
4159,2
4160,7
4161,2
4162,1
4163,0
4164,1
4165,0
4166,6
4167,7
4168,0
4169,4
4170,0
4171,1
4172,2
4173,0
4174,6
4175,6
4176,7
4177,0
4178,5
4179,6
4180,4
4181,0
4182,5
4183,2
4184,0
4185,2
4186,0
4187,7
4188,5
4189,6
4190,5
4191,0
4192,0
4193,5
4194,0
4195,5
4196,0
4197,4
4198,3
4199,0
4200,0
4201,0
4202,1
4203,0
4204,5
4205,0
4206,0
4207,0
4208,0
4209,0
4210,5
4211,4
4212,1
4213,1
4214,1
4215,1
4216,1
4217,0
4218,5
4219,4
4220,0
4221,0
4222,4
4223,0
4224,0
4225,0
4226,1
4227,0
4228,0
4229,5
4230,0
4231,0
4232,5
4233,6
4234,7
4235,5
4236,1
4237,3
4238,0
4239,7
4240,7
4241,0
4242,0
4243,0
4244,5
4245,1
4246,5
4247,5
4248,4
4249,0
4250,0
4251,5
4252,0
4253,5
4254,6
4255,7
4256,1
4257,1
4258,5
4259,0
4260,0
4261,1
4262,6
4263,4
4264,6
4265,4
4266,6
4267,5
4268,2
4269,7
4270,5
4271,5
4272,3
4273,5
4274,6
4275,0
4276,5
4277,0
4278,7
4279,0
4280,1
4281,6
4282,5
4283,5
4284,2
4285,4
4286,0
4287,5
4288,7
4289,7
4290,5
4291,1
4292,1
4293,1
4294,7
4295,2
4296,6
4297,0
4298,6
4299,7
4300,2
4301,0
4302,1
4303,1
4304,0
4305,6
4306,1
4307,0
4308,5
4309,0
4310,6
4311,0
4312,5
4313,0
4314,6
4315,0
4316,5
4317,7
4318,0
4319,7
4320,0
4321,1
4322,3
4323,7
4324,7
4325,7
4326,7
4327,7
4328,7
4329,6
4330,1
4331,5
4332,6
4333,7
4334,6
4335,1
4336,5
4337,0
4338,6
4339,6
4340,3
4341,0
4342,0
4343,1
4344,0
4345,0
4346,5
4347,1
4348,1
4349,0
4350,0
4351,7
4352,7
4353,7
4354,0
4355,3
4356,0
4357,6
4358,6
4359,0
4360,7
4361,5
4362,0
4363,0
4364,0
4365,1
4366,6
4367,0
4368,5
4369,1
4370,0
4371,7
4372,7
4373,6
4374,5
4375,1
4376,6
4377,5
4378,7
4379,1
4380,0
4381,2
4382,1
4383,1
4384,5
4385,0
4386,5
4387,0
4388,1
4389,7
4390,3
4391,7
4392,0
4393,5
4394,0
4395,4
4396,0
4397,5
4398,0
4399,0
4400,0
4401,0
4402,5
4403,2
4404,7
4405,5
4406,6
4407,0
4408,1
4409,5
4410,6
4411,7
4412,6
4413,0
4414,0
4415,7
4416,0
4417,4
4418,7
4419,6
4420,0
4421,7
4422,7
4423,7
4424,5
4425,4
4426,0
4427,1
4428,5
4429,0
4430,6
4431,1
4432,7
4433,0
4434,2
4435,0
4436,5
4437,7
4438,0
4439,5
4440,7
4441,5
4442,5
4443,5
4444,0
4445,1
4446,6
4447,0
4448,7
4449,0
4450,0
4451,6
4452,2
4453,7
4454,1
4455,7
4456,5
4457,6
4458,4
4459,0
4460,7
4461,6
4462,0
4463,0
4464,1
4465,0
4466,7
4467,7
4468,7
4469,5
4470,1
4471,7
4472,7
4473,5
4474,5
4475,5
4476,0
4477,0
4478,5
4479,4
4480,1
4481,6
4482,1
4483,0
4484,5
4485,0
4486,7
4487,7
4488,0
4489,5
4490,5
4491,0
4492,0
4493,6
4494,4
4495,2
4496,4
4497,0
4498,7
4499,0
4500,7
4501,5
4502,7
4503,0
4504,0
4505,0
4506,3
4507,5
4508,6
4509,0
4510,0
4511,7
4512,1
4513,1
4514,7
4515,7
4516,5
4517,0
4518,7
4519,4
4520,6
4521,6
4522,5
4523,0
4524,0
4525,5
4526,7
4527,7
4528,0
4529,3
4530,7
4531,0
4532,0
4533,1
4534,0
4535,0
4536,7
4537,5
4538,1
4539,3
4540,2
4541,0
4542,1
4543,1
4544,5
4545,0
4546,5
4547,0
4548,0
4549,5
4550,5
4551,1
4552,0
4553,0
4554,0
4555,5
4556,7
4557,3
4558,1
4559,2
4560,5
4561,0
4562,6
4563,0
4564,7
4565,0
4566,6
4567,7
4568,0
4569,5
4570,1
4571,5
4572,0
4573,6
4574,6
4575,5
4576,0
4577,0
4578,5
4579,6
4580,1
4581,6
4582,0
4583,0
4584,0
4585,5
4586,0
4587,6
4588,6
4589,7
4590,7
4591,1
4592,3
4593,5
4594,5
4595,5
4596,5
4597,2
4598,6
4599,1
4600,0
4601,4
4602,3
4603,1
4604,0
4605,6
4606,0
4607,0
4608,5
4609,0
4610,6
4611,3
4612,4
4613,0
4614,1
4615,3
4616,5
4617,2
4618,6
4619,0
4620,0
4621,7
4622,5
4623,0
4624,0
4625,7
4626,0
4627,0
4628,5
4629,1
4630,3
4631,7
4632,1
4633,7
4634,7
4635,6
4636,4
4637,1
4638,5
4639,5
4640,0
4641,0
4642,0
4643,0
4644,2
4645,0
4646,5
4647,5
4648,3
4649,0
4650,5
4651,7
4652,3
4653,0
4654,5
4655,5
4656,6
4657,3
4658,6
4659,6
4660,7
4661,5
4662,1
4663,1
4664,2
4665,0
4666,3
4667,1
4668,6
4669,7
4670,1
4671,6
4672,7
4673,0
4674,0
4675,5
4676,0
4677,1
4678,7
4679,0
4680,0
4681,0
4682,0
4683,7
4684,7
4685,5
4686,7
4687,1
4688,0
4689,6
4690,1
4691,6
4692,0
4693,5
4694,7
4695,0
4696,1
4697,1
4698,1
4699,1
4700,1
4701,5
4702,5
4703,0
4704,1
4705,2
4706,5
4707,1
4708,2
4709,0
4710,0
4711,6
4712,5
4713,0
4714,6
4715,5
4716,7
4717,6
4718,2
4719,5
4720,7
4721,5
4722,7
4723,5
4724,7
4725,0
4726,6
4727,0
4728,0
4729,1
4730,0
4731,6
4732,0
4733,0
4734,1
4735,1
4736,5
4737,1
4738,0
4739,0
4740,0
4741,6
4742,7
4743,5
4744,5
4745,0
4746,6
4747,5
4748,0
4749,0
4750,0
4751,5
4752,6
4753,6
4754,4
4755,6
4756,6
4757,0
4758,5
4759,2
4760,6
4761,0
4762,5
4763,0
4764,2
4765,0
4766,0
4767,0
4768,0
4769,1
4770,7
4771,0
4772,1
4773,0
4774,2
4775,0
4776,5
4777,0
4778,5
4779,0
4780,4
4781,6
4782,1
4783,5
4784,6
4785,0
4786,6
4787,2
4788,7
4789,7
4790,0
4791,5
4792,5
4793,5
4794,7
4795,3
4796,0
4797,6
4798,0
4799,7
4800,7
4801,0
4802,0
4803,3
4804,1
4805,0
4806,0
4807,7
4808,0
4809,1
4810,0
4811,0
4812,1
4813,0
4814,6
4815,2
4816,0
4817,0
4818,2
4819,2
4820,1
4821,7
4822,5
4823,6
4824,7
4825,6
4826,0
4827,0
4828,1
4829,3
4830,0
4831,0
4832,2
4833,0
4834,5
4835,6
4836,0
4837,5
4838,1
4839,0
4840,5
4841,5
4842,2
4843,5
4844,6
4845,1
4846,0
4847,5
4848,1
4849,0
4850,7
4851,0
4852,6
4853,5
4854,0
4855,4
4856,1
4857,1
4858,5
4859,1
4860,0
4861,1
4862,5
4863,5
4864,0
4865,1
4866,0
4867,1
4868,6
4869,6
4870,1
4871,0
4872,7
4873,6
4874,0
4875,6
4876,0
4877,5
4878,7
4879,7
4880,7
4881,5
4882,5
4883,1
4884,5
4885,1
4886,5
4887,0
4888,0
4889,5
4890,6
4891,2
4892,5
4893,7
4894,0
4895,4
4896,6
4897,0
4898,1
4899,5
4900,5
4901,5
4902,5
4903,7
4904,0
4905,7
4906,5
4907,6
4908,0
4909,5
4910,5
4911,5
4912,5
4913,6
4914,0
4915,0
4916,1
4917,5
4918,1
4919,0
4920,3
4921,5
4922,0
4923,0
4924,5
4925,0
4926,0
4927,1
4928,7
4929,5
4930,2
4931,3
4932,7
4933,6
4934,5
4935,5
4936,7
4937,6
4938,6
4939,0
4940,5
4941,0
4942,5
4943,0
4944,0
4945,5
4946,0
4947,0
4948,1
4949,4
4950,0
4951,7
4952,6
4953,7
4954,5
4955,6
4956,7
4957,4
4958,5
4959,1
4960,7
4961,0
4962,7
4963,2
4964,6
4965,1
4966,1
4967,5
4968,5
4969,1
4970,6
4971,1
4972,7
4973,1
4974,1
4975,5
4976,2
4977,0
4978,7
4979,0
4980,0
4981,7
4982,5
4983,5
4984,1
4985,7
4986,0
4987,3
4988,6
4989,2
4990,7
4991,2
4992,3
4993,0
4994,0
4995,5
4996,7
4997,5
4998,2
4999,7
5000,4
5001,1
5002,0
5003,0
5004,6
5005,5
5006,2
5007,2
5008,0
5009,7
5010,0
5011,0
5012,0
5013,7
5014,0
5015,1
5016,7
5017,0
5018,0
5019,0
5020,0
5021,6
5022,7
5023,0
5024,7
5025,6
5026,6
5027,1
5028,0
5029,7
5030,5
5031,5
5032,3
5033,1
5034,3
5035,6
5036,7
5037,2
5038,4
5039,0
5040,0
5041,5
5042,7
5043,0
5044,4
5045,1
5046,1
5047,0
5048,7
5049,7
5050,3
5051,0
5052,7
5053,1
5054,5
5055,1
5056,7
5057,5
5058,0
5059,0
5060,7
5061,1
5062,0
5063,5
5064,7
5065,5
5066,7
5067,1
5068,4
5069,5
5070,0
5071,5
5072,0
5073,0
5074,5
5075,6
5076,7
5077,6
5078,2
5079,1
5080,5
5081,5
5082,4
5083,6
5084,5
5085,0
5086,0
5087,7
5088,2
5089,7
5090,6
5091,0
5092,3
5093,6
5094,6
5095,6
5096,1
5097,7
5098,0
5099,0
5100,5
5101,2
5102,7
5103,1
5104,3
5105,5
5106,0
5107,0
5108,0
5109,6
5110,0
5111,5
5112,2
5113,5
5114,6
5115,4
5116,5
5117,0
5118,5
5119,5
5120,0
5121,1
5122,3
5123,1
5124,6
5125,0
5126,0
5127,6
5128,0
5129,0
5130,6
5131,5
5132,5
5133,0
5134,5
5135,6
5136,0
5137,7
5138,0
5139,6
5140,0
5141,0
5142,5
5143,0
5144,7
5145,7
5146,5
5147,7
5148,5
5149,5
5150,5
5151,0
5152,7
5153,6
5154,2
5155,6
5156,1
5157,7
5158,7
5159,5
5160,7
5161,4
5162,0
5163,6
5164,0
5165,6
5166,2
5167,1
5168,5
5169,6
5170,0
5171,0
5172,6
5173,0
5174,7
5175,7
5176,0
5177,7
5178,6
5179,0
5180,6
5181,1
5182,0
5183,5
5184,1
5185,1
5186,1
5187,3
5188,5
5189,6
5190,5
5191,7
5192,7
5193,0
5194,5
5195,7
5196,0
5197,7
5198,1
5199,5
5200,0
5201,1
5202,6
5203,0
5204,5
5205,2
5206,1
5207,0
5208,0
5209,5
5210,0
5211,1
5212,1
5213,6
5214,5
5215,1
5216,7
5217,1
5218,5
5219,7
5220,6
5221,0
5222,5
5223,5
5224,2
5225,5
5226,6
5227,1
5228,5
5229,7
5230,5
5231,7
5232,5
5233,0
5234,3
5235,4
5236,4
5237,1
5238,0
5239,6
5240,0
5241,5
5242,7
5243,1
5244,7
5245,7
5246,4
5247,6
5248,1
5249,7
5250,7
5251,6
5252,0
5253,6
5254,0
5255,0
5256,6
5257,7
5258,0
5259,6
5260,0
5261,0
5262,0
5263,0
5264,6
5265,0
5266,0
5267,5
5268,0
5269,5
5270,5
5271,6
5272,5
5273,1
5274,7
5275,6
5276,5
5277,1
5278,5
5279,1
5280,0
5281,1
5282,4
5283,1
5284,5
5285,5
5286,0
5287,3
5288,7
5289,6
5290,6
5291,1
5292,6
5293,7
5294,5
5295,4
5296,5
5297,7
5298,5
5299,0
5300,5
5301,6
5302,6
5303,4
5304,5
5305,5
5306,0
5307,2
5308,7
5309,0
5310,5
5311,0
5312,1
5313,7
5314,5
5315,6
5316,5
5317,1
5318,7
5319,0
5320,7
5321,0
5322,6
5323,5
5324,7
5325,2
5326,1
5327,5
5328,4
5329,0
5330,7
5331,5
5332,0
5333,1
5334,6
5335,6
5336,3
5337,0
5338,1
5339,0
5340,7
5341,3
5342,5
5343,5
5344,5
5345,3
5346,6
5347,5
5348,1
5349,6
5350,5
5351,6
5352,0
5353,0
5354,0
5355,0
5356,7
5357,3
5358,0
5359,1
5360,0
5361,0
5362,0
5363,1
5364,5
5365,6
5366,1
5367,0
5368,7
5369,6
5370,6
5371,0
5372,0
5373,5
5374,0
5375,7
5376,7
5377,5
5378,0
5379,5
5380,6
5381,0
5382,3
5383,5
5384,0
5385,3
5386,7
5387,7
5388,2
5389,5
5390,1
5391,5
5392,0
5393,0
5394,1
5395,0
5396,0
5397,5
5398,7
5399,6
5400,0
5401,0
5402,5
5403,5
5404,0
5405,7
5406,0
5407,0
5408,0
5409,0
5410,0
5411,0
5412,0
5413,6
5414,6
5415,0
5416,1
5417,5
5418,4
5419,6
5420,3
5421,1
5422,0
5423,5
5424,0
5425,0
5426,4
5427,1
5428,7
5429,5
5430,5
5431,7
5432,0
5433,1
5434,0
5435,0
5436,6
5437,1
5438,7
5439,4
5440,7
5441,1
5442,0
5443,2
5444,5
5445,0
5446,4
5447,1
5448,7
5449,1
5450,0
5451,0
5452,1
5453,1
5454,0
5455,5
5456,2
5457,5
5458,0
5459,0
5460,2
5461,5
5462,5
5463,5
5464,5
5465,1
5466,0
5467,1
5468,6
5469,5
5470,7
5471,0
5472,5
5473,0
5474,7
5475,0
5476,5
5477,6
5478,1
5479,0
5480,7
5481,1
5482,0
5483,0
5484,3
5485,5
5486,2
5487,4
5488,5
5489,0
5490,0
5491,7
5492,5
5493,0
5494,0
5495,7
5496,6
5497,0
5498,4
5499,2
5500,2
5501,2
5502,7
5503,5
5504,0
5505,1
5506,2
5507,7
5508,0
5509,7
5510,1
5511,0
5512,1
5513,0
5514,7
5515,5
5516,0
5517,0
5518,7
5519,7
5520,7
5521,7
5522,6
5523,0
5524,0
5525,2
5526,0
5527,5
5528,1
5529,6
5530,3
5531,3
5532,2
5533,0
5534,0
5535,0
5536,3
5537,0
5538,5
5539,1
5540,1
5541,0
5542,0
5543,3
5544,5
5545,7
5546,7
5547,0
5548,0
5549,7
5550,7
5551,7
5552,7
5553,7
5554,5
5555,3
5556,5
5557,5
5558,5
5559,6
5560,0
5561,5
5562,7
5563,1
5564,6
5565,0
5566,0
5567,0
5568,0
5569,7
5570,5
5571,0
5572,1
5573,7
5574,5
5575,0
5576,5
5577,1
5578,4
5579,0
5580,0
5581,5
5582,2
5583,5
5584,0
5585,4
5586,0
5587,0
5588,2
5589,5
5590,5
5591,4
5592,5
5593,5
5594,1
5595,0
5596,7
5597,0
5598,0
5599,1
5600,0
5601,2
5602,1
5603,6
5604,0
5605,5
5606,5
5607,5
5608,5
5609,6
5610,5
5611,2
5612,2
5613,0
5614,6
5615,0
5616,2
5617,4
5618,0
5619,4
5620,1
5621,1
5622,0
5623,6
5624,1
5625,6
5626,3
5627,1
5628,6
5629,4
5630,2
5631,6
5632,6
5633,0
5634,7
5635,6
5636,0
5637,6
5638,3
5639,5
5640,6
5641,6
5642,5
5643,6
5644,6
5645,5
5646,6
5647,5
5648,0
5649,0
5650,7
5651,1
5652,0
5653,5
5654,1
5655,0
5656,3
5657,5
5658,5
5659,1
5660,1
5661,7
5662,6
5663,4
5664,5
5665,1
5666,5
5667,0
5668,2
5669,1
5670,0
5671,0
5672,1
5673,0
5674,0
5675,2
5676,7
5677,0
5678,5
5679,7
5680,7
5681,5
5682,3
5683,1
5684,2
5685,7
5686,6
5687,0
5688,5
5689,0
5690,0
5691,1
5692,5
5693,0
5694,0
5695,5
5696,5
5697,6
5698,5
5699,0
5700,3
5701,5
5702,0
5703,3
5704,0
5705,0
5706,0
5707,7
5708,6
5709,7
5710,0
5711,7
5712,7
5713,7
5714,0
5715,0
5716,3
5717,1
5718,6
5719,0
5720,6
5721,7
5722,1
5723,0
5724,7
5725,7
5726,0
5727,6
5728,7
5729,1
5730,0
5731,1
5732,1
5733,1
5734,0
5735,5
5736,0
5737,6
5738,0
5739,0
5740,7
5741,0
5742,7
5743,0
5744,7
5745,7
5746,0
5747,1
5748,7
5749,7
5750,5
5751,3
5752,5
5753,6
5754,6
5755,1
5756,5
5757,7
5758,7
5759,7
5760,0
5761,5
5762,5
5763,2
5764,7
5765,2
5766,4
5767,0
5768,5
5769,0
5770,5
5771,2
5772,0
5773,5
5774,7
5775,2
5776,0
5777,7
5778,5
5779,0
5780,6
5781,6
5782,5
5783,0
5784,5
5785,0
5786,0
5787,0
5788,7
5789,0
5790,7
5791,5
5792,1
5793,7
5794,7
5795,4
5796,5
5797,7
5798,0
5799,6
5800,1
5801,6
5802,5
5803,0
5804,7
5805,2
5806,7
5807,1
5808,0
5809,5
5810,0
5811,1
5812,6
5813,2
5814,1
5815,7
5816,5
5817,5
5818,0
5819,0
5820,4
5821,1
5822,3
5823,2
5824,7
5825,7
5826,7
5827,5
5828,7
5829,1
5830,6
5831,6
5832,3
5833,0
5834,0
5835,7
5836,4
5837,5
5838,1
5839,5
5840,5
5841,5
5842,6
5843,0
5844,6
5845,5
5846,5
5847,0
5848,5
5849,0
5850,0
5851,2
5852,0
5853,7
5854,7
5855,5
5856,5
5857,3
5858,6
5859,7
5860,1
5861,2
5862,7
5863,7
5864,1
5865,6
5866,0
